{
	"format_version": "1.8.0",
	"animations": {
		"animation.model.idle": {
			"animation_length": 9.0417,
			"bones": {
				"1": {
					"rotation": {
						"0.0": {
							"vector": [0, 0, 0]
						},
						"1.0": {
							"vector": [0, 7.5, 0]
						},
						"2.0": {
							"vector": [0, 0, 5]
						},
						"2.5": {
							"vector": [0, 5, 5]
						},
						"3.0": {
							"vector": [-0.65426, 4.95712, -2.52832]
						},
						"4.5": {
							"vector": [0, 0, 0]
						},
						"5.5": {
							"vector": [0, 7.5, 0]
						},
						"6.5": {
							"vector": [0, 0, 5]
						},
						"7.0": {
							"vector": [0, 5, 5]
						},
						"7.5": {
							"vector": [-0.65426, 4.95712, -2.52832]
						},
						"8.375": {
							"vector": [-1.27313, 10.83889, -9.68658]
						},
						"8.7917": {
							"vector": [-0.91342, 4.91607, -5.53921]
						}
					},
					"position": {
						"0.0": {
							"vector": [0, 0, 0]
						},
						"4.5": {
							"vector": [0, 0, 0]
						}
					}
				},
				"2": {
					"rotation": {
						"0.0": {
							"vector": [0, 0, 0]
						},
						"1.1667": {
							"vector": [0, -7.5, -17.5]
						},
						"2.0": {
							"vector": [-2.14219, -7.09411, 2.62247]
						},
						"3.5": {
							"vector": [-1.21146, -12.3116, -4.82763]
						},
						"4.0": {
							"vector": [-1.38177, -2.20174, -0.03552]
						},
						"4.5": {
							"vector": [0, 0, 0]
						},
						"5.6667": {
							"vector": [0, -7.5, -17.5]
						},
						"6.5": {
							"vector": [-2.14219, -7.09411, 2.62247]
						},
						"8.0": {
							"vector": [-1.21146, -12.3116, -4.82763]
						},
						"8.5": {
							"vector": [-1.38177, -2.20174, -0.03552]
						}
					},
					"position": {
						"0.0": {
							"vector": [0, 0, 0]
						},
						"4.5": {
							"vector": [0, 0, 0]
						}
					},
					"scale": {
						"0.0": {
							"vector": [1, 1, 1]
						},
						"4.5": {
							"vector": [1, 1, 1]
						}
					}
				},
				"3": {
					"rotation": {
						"0.0": {
							"vector": [0, 0, 0]
						},
						"1.9167": {
							"vector": [-0.98448, -7.43547, 7.56397]
						},
						"2.7083": {
							"vector": [0, -2.5, 0]
						},
						"3.5": {
							"vector": [-0.33122, -9.97848, 7.55034]
						},
						"4.0": {
							"vector": [0.76056, -4.93112, -5.02562]
						},
						"4.5": {
							"vector": [0, 0, 0]
						},
						"6.4167": {
							"vector": [-0.98448, -7.43547, 7.56397]
						},
						"7.2083": {
							"vector": [0, -2.5, 0]
						},
						"8.0": {
							"vector": [-0.33122, -9.97848, 7.55034]
						},
						"8.5": {
							"vector": [0.76056, -4.93112, -5.02562]
						}
					},
					"position": {
						"0.0": {
							"vector": [0, 0, 0]
						},
						"4.5": {
							"vector": [0, 0, 0]
						}
					},
					"scale": {
						"0.0": {
							"vector": [1, 1, 1]
						},
						"4.5": {
							"vector": [1, 1, 1]
						}
					}
				},
				"4": {
					"rotation": {
						"0.0": {
							"vector": [0, 0, 0]
						},
						"1.0": {
							"vector": [-0.43688, 4.98093, -5.019]
						},
						"2.0": {
							"vector": [-0.87046, 0.03786, -0.00029]
						},
						"2.5": {
							"vector": [-0.87384, 5.03728, -0.07644]
						},
						"3.0": {
							"vector": [-1.08927, 2.45197, -5.04231]
						},
						"4.5": {
							"vector": [0, 0, 0]
						},
						"5.5": {
							"vector": [-0.43688, 4.98093, -5.019]
						},
						"6.5": {
							"vector": [-0.87046, 0.03786, -0.00029]
						},
						"7.0": {
							"vector": [-0.87384, 5.03728, -0.07644]
						},
						"7.5": {
							"vector": [-1.08927, 2.45197, -5.04231]
						}
					},
					"position": {
						"0.0": {
							"vector": [0, 0, 0]
						},
						"4.5": {
							"vector": [0, 0, 0]
						}
					},
					"scale": {
						"0.0": {
							"vector": [1, 1, 1]
						},
						"4.5": {
							"vector": [1, 1, 1]
						}
					}
				},
				"body": {
					"rotation": {
						"0.0": {
							"vector": [0, 0, 0]
						},
						"5.0": {
							"vector": [0, 0, 0]
						}
					},
					"position": {
						"0.0": {
							"vector": [0, 0, 0]
						},
						"1.0": {
							"vector": [0, 0.3, 0]
						},
						"2.0": {
							"vector": [0, 0.1, 0]
						},
						"3.0": {
							"vector": [0, 0.2, 0]
						},
						"4.0": {
							"vector": [0, 0.1, 0]
						},
						"5.0": {
							"vector": [0, 0, 0]
						},
						"6.0": {
							"vector": [0, 0.3, 0]
						},
						"7.0": {
							"vector": [0, 0.1, 0]
						},
						"8.0": {
							"vector": [0, 0.2, 0]
						},
						"9.0": {
							"vector": [0, 0.1, 0]
						}
					},
					"scale": {
						"0.0": {
							"vector": [1, 1, 1]
						},
						"1.0": {
							"vector": [1.02, 1, 1]
						},
						"2.0": {
							"vector": [0.99, 1, 1]
						},
						"3.0": {
							"vector": [1.01, 1, 1]
						},
						"4.0": {
							"vector": [0.98, 1, 1]
						},
						"5.0": {
							"vector": [1, 1, 1]
						},
						"6.0": {
							"vector": [1.02, 1, 1]
						},
						"7.0": {
							"vector": [0.99, 1, 1]
						},
						"8.0": {
							"vector": [1.01, 1, 1]
						},
						"8.7917": {
							"vector": [1.0163, 1, 1]
						},
						"9.0": {
							"vector": [1, 1, 1]
						}
					}
				},
				"head": {
					"rotation": {
						"0.0": {
							"vector": [0, 0, 0]
						},
						"1.0": {
							"vector": [0, 0, -10]
						},
						"2.0": {
							"vector": [0, 0, 5]
						},
						"2.75": {
							"vector": [0, 0, 0]
						},
						"3.75": {
							"vector": [0, 0, -5.5]
						},
						"5.0": {
							"vector": [0, 0, 2]
						},
						"6.0": {
							"vector": [0, 0, -5.5]
						},
						"7.25": {
							"vector": [0, 0, 2.5]
						},
						"8.5": {
							"vector": [0, 0, -6.5]
						}
					},
					"position": {
						"0.0": {
							"vector": [0, 0, 0]
						},
						"6.0": {
							"vector": [-0.01917, 0.19908, 0]
						}
					},
					"scale": {
						"vector": [1, 1, 1]
					}
				}
			}
		}
	},
	"geckolib_format_version": 2
}